{
  "rounds": [
    1,
    2,
    3,
    4,
    5,
    6,
    7,
    8,
    9,
    10,
    11,
    12
  ],
  "avg_loss_per_round": {
    "client2_sim_6gb": [
      1.4101185714285716,
      1.3079342857142855,
      1.220357857142857,
      1.173755,
      1.1302814285714284,
      1.0885928571428574,
      1.0465664285714287,
      1.0038085714285716,
      0.959117142857143,
      0.9142557142857143,
      0.8698950000000001,
      0.8380307142857144
    ],
    "client3_sim_6gb": [
      0.5245935714285714,
      0.42364142857142856,
      0.3524957142857143,
      0.3267157142857142,
      0.3105428571428571,
      0.2956835714285715,
      0.280015,
      0.26657142857142857,
      0.25194428571428573,
      0.23798357142857143,
      0.22850857142857142,
      0.22039285714285714
    ],
    "client4_sim_8gb": [
      0.6703357142857143,
      0.5598171428571429,
      0.45386571428571426,
      0.40899357142857135,
      0.3685414285714286,
      0.3364135714285714,
      0.30744571428571427,
      0.27844,
      0.2588942857142857,
      0.24413999999999994,
      0.229935,
      0.2179942857142857
    ],
    "client5_sim_12gb": [
      0.27536642857142857,
      0.2553764285714286,
      0.14388357142857144,
      0.11979214285714283,
      0.10712857142857142,
      0.10390285714285713,
      0.1013542857142857,
      0.10105142857142858,
      0.09640785714285714,
      0.095905,
      0.09453214285714286,
      0.09356214285714286
    ]
  }
}