{
  "rounds": [
    1,
    2,
    3,
    4,
    5,
    6,
    7,
    8,
    9,
    10,
    11,
    12
  ],
  "avg_loss_per_round": {
    "client2_sim_6gb": [
      1.241204,
      1.1223269999999999,
      0.9899380000000001,
      0.9177539999999997,
      0.8442119999999999,
      0.7891470000000002,
      0.736657,
      0.692775,
      0.633382,
      0.5985959999999999,
      0.546318,
      0.5131609999999999
    ],
    "client3_sim_6gb": [
      0.5346180000000001,
      0.40208799999999995,
      0.302363,
      0.280088,
      0.262926,
      0.24863500000000002,
      0.22874800000000003,
      0.21815099999999998,
      0.209642,
      0.19891500000000004,
      0.19026400000000002,
      0.18128400000000003
    ],
    "client4_sim_8gb": [
      0.6782240000000002,
      0.5391189999999999,
      0.36876200000000003,
      0.32556300000000005,
      0.29174000000000005,
      0.275333,
      0.251604,
      0.23769900000000002,
      0.23395099999999996,
      0.206571,
      0.19300399999999995,
      0.18264200000000003
    ],
    "client5_sim_12gb": [
      0.48777800000000004,
      0.297972,
      0.18013300000000004,
      0.14839599999999997,
      0.13338900000000004,
      0.11516499999999999,
      0.113969,
      0.10700700000000002,
      0.10083700000000001,
      0.09614799999999998,
      0.09500399999999999,
      0.09073200000000002
    ]
  }
}