{
  "rounds": [
    1,
    2,
    3,
    4,
    5,
    6,
    7,
    8,
    9,
    10,
    11,
    12
  ],
  "avg_loss_per_round": {
    "client2_sim_6gb": [
      1.4126650000000003,
      1.2596630000000002,
      1.153313,
      1.092555,
      1.027683,
      0.960684,
      0.9122799999999998,
      0.8529370000000001,
      0.8058660000000002,
      0.7538999999999999,
      0.7092559999999999,
      0.6624410000000001
    ],
    "client3_sim_6gb": [
      0.6720850000000002,
      0.495237,
      0.4073009999999999,
      0.3768990000000001,
      0.3522239999999999,
      0.33077000000000006,
      0.31481099999999995,
      0.293744,
      0.2815290000000001,
      0.269644,
      0.254876,
      0.2404649999999999
    ],
    "client4_sim_8gb": [
      0.744383,
      0.5767450000000001,
      0.4360530000000001,
      0.383475,
      0.348235,
      0.315054,
      0.303489,
      0.28902300000000003,
      0.264137,
      0.25456799999999996,
      0.24831400000000003,
      0.23224
    ],
    "client5_sim_12gb": [
      0.364556,
      0.313442,
      0.17574799999999996,
      0.144458,
      0.134969,
      0.13275,
      0.13153900000000002,
      0.12540500000000002,
      0.126207,
      0.12081000000000003,
      0.12071499999999999,
      0.11520899999999999
    ]
  }
}